screen_name,followers,friends,total_tweets

Haunt3dG,0,17,0

TannerR65556703,0,25,0

kontrun_Zhang,9,157,6

ytk96642612,1,231,0

eVS2J7ajeCCr44F,0,17,0

rgrclem,0,16,0

TASHA233021,3,65,51

HajiGul40375600,12,380,4

EvanGao12,1,37,9

Hampejz2,0,4,0

adilenasitler,4,139,198

mozzie85674133,0,4,0

DarkStarRecord,31,57,31

Siddiquirazik1,1,17,0

jaschnall,5,9,19

8urpreet,0,10,0

SAlmasatfeh,2,79,0

Abrham666,1,81,3

KeerthanaRamas7,0,195,0

rajaprsg,19,93,19

paulgraimond,0,67,1

ilyashestak,5,161,25

nikki_xa,1,76,0

SayyedT63860512,0,153,0

DinaCarreras,5,10,3

Saarhil,0,39,0

iC3YCIgefY4RGeg,0,17,0

MagisterGabe,15,109,93

Dilshanchamik11,1,10,0

Holusi2,5,186,43

kirbysrevenge,10,305,0

SchefflerElijah,0,40,0

Jacob11091,5,159,19

orkedooooo,0,107,17

Hamedrouhi1,3,60,1

JenniferBecca,0,32,0

Westlake_RltyGr,0,104,0

Cisco82283329,1,81,0

soonernav,63,168,119

TristanIzquier1,0,36,0

ElhashemyHamza,1,15,1

qsabughaith,137,911,995

tweettwerktweet,0,5,0

PhilippeGiudice,0,7,0

Micha01988598,0,52,0

EricMuita,269,386,999

GajendraSurend1,1,101,0

KnaubertMartin,0,51,0

mhdmuzzammil14,4,19,4

Alexand93552646,66,2322,1826

Shaker70814927,0,22,0

MaxWrig35992620,0,61,0

kishan_nagesh,0,64,0

ramondicarrera2,11,319,138

Sifa05811464,1,38,0

_panzzy_,10,78,7

Josea_roma,581,1109,1322

AndreasBremthal,6,23,4

strykerzbane,0,28,0

rkrobertson,1,12,0

krisleung604,0,12,0

DjBjOrdWRFfQrJZ,0,2,7

gordana14806481,0,10,0

sg12637,0,59,0

vegonen,1,8,1

PavelK24909640,0,40,0

Jake91337915,0,41,0

name97734,0,2,0

Bryan76296570,0,76,0

zenes6008,0,50,0

jsalcedo281,0,37,0

PeytonLamb15,0,31,0

wendratiarno,38,64,56

FauxSurf,8,87,60

Mikesouthey1983,0,8,1

Estha88764200,0,23,0

Nicschultz6,0,14,0

Madi37148466,1,94,0

YouthTennessee,0,112,9

shakuradams2018,24,651,11

Elli777777,1,66,2

Diego__AnS,0,28,26

Andikakausarrr,0,117,0

7TKuaR8Cx0GO0cc,0,21,0

LeighEmmerson4,0,31,0

cmontecristo2,1,10,0

PedRamRod,2,40,5

FeedbacknewsP,0,26,0

Aimbelmaht,51,373,515

sukhbir93,105,1044,1563

Sketche76623125,0,5,11

dinusy832,0,16,0

OWeiermiller,0,32,0

Skysopo0918,11,168,48

leekiki88989358,0,85,5

ManikumarKonda,38,807,71

RashmiM00997734,0,14,1

ZachCampana2,0,43,0

budihal_shweta,43,574,46

kleanls,0,21,0

henriquetmugabo,46,126,399

RaghamwarSai,0,99,0

Binu_Chandran,61,368,12

CV73993351,0,19,0

Mohamme30987847,3,308,2

edieclaaa,1,83,2

KHHszg,0,191,0

justen_phelps,1,15,2

Ani96716083,0,53,0

GulamSa01568658,0,11,0

Lambo1414,169,28,2827

iam_legenddd,871,1176,304

OfficielMouhib,0,61,0

Leticia99116514,0,44,0

sorenchen1,0,211,0

sunny_amir,9,160,5

Flo_Flo_YT,24,213,938

unity_humanity,1,49,10

CAshanndy,167,2632,3562

PMaroulidis,0,31,0

Emmanue20704078,17,580,7

AffairsRmh,0,22,0

B189304241,1,35,0

EfrainPortales2,0,2,0

iamkatiepalmer,160,399,2

Umang91514901,0,9,0

thereal2Odd,0,4,0

GabFarian,12,39,79

samarit77305732,0,136,6

EttyHatfield,1,16,1

WayneMcKie,18,110,12

nithinravi,230,259,167

q11650386,0,10,0

whitera55251174,0,17,0

Brandie98641623,1,29,0

StefanHamann7,0,5,0

Blagoslav3,1,12,2

RahulSi46051171,0,23,0

Kevin90991812,0,3,0

samuel_virgile,87,1011,638

Ruiznorma54yah1,1,10,0

FacelloAlex,1,9,0

Frybal1,1,17,0

deibtc,80,54,14

eddyinho7,30,42,2

dodrill_grant,1,23,1

tuanaatbas,37,33,12

math_bdm,9,125,5

Christo87226985,1,56,1

jcmilo16,169,724,590

Derick54238991,19,965,350

DakshinaNuwan,2,106,3

teresa19721744,1,38,0

MatisenHaze,6,240,0

MariamE04595654,3,15,0

Ahmedaboail4,0,162,0

kikistypewriter,0,34,0

DipasqualeWayne,0,14,0

Himansh35346437,0,35,0

Welson87,4,189,35

SoyJaviNava,1,38,2

JennaBergmann4,3,35,0

BastienSoret,0,5,0

Hadi37052269,0,4,0

patrici91145964,2,11,1

GaibiEr,2,23,0

BonaminiEnzo,8,85,3

BobRossYeeet,0,93,0

AlexSan02603234,0,20,0

ukasz85555726,0,7,0

Brother05665169,0,45,0

Akhil__rocky,0,205,6

begemotspace,1,23,2

Reader67544002,0,153,0

Proseteacher,46,226,935

CelestGustavo,0,22,14

TConspt,2,121,8

FarzanaMccallum,4,71,64

tonytabullo,8,99,22

Olexandrb1,0,12,0

Blazar_Tech,22,661,5

StevensonDorota,5,36,35

shashibindo,227,2798,5416

EricMinKim,96,382,16

CrisSparcaci,0,12,4

Araceli61855919,3,112,0

markritacco6,61,461,971

Kyle79304562,2,14,0

MichelleAleiah,1,49,0

ArpitBajaj23,18,162,0

Lakshmi29352718,0,64,0

Leobrv_415,25,33,3

RajanSarhadi,2,26,1

Goodman333333,1,25,0

namanamasteJP,3,268,0

SinghVornica,1,64,7

joslucas67,287,1982,12803

HerbAllen10,3,113,2

Knez_Dj,11,30,58

ZZTheNinja,14,42,19

HumaAkbar16,2,26,22

MTechDesign,2,21,2

VincenzioA,4,147,0

Sherlandd1,1,24,4

Srishti_Agr,4,216,0

ToprakAycan2,1,16,0

AntoineAsker,0,21,0

Milosz05928382,0,32,0

JessicaEnders5,3,111,0

MrMahmoudFares,11,618,4

Joanna_PSz,1,9,2

ryrzny,1203,343,373

MilleVanille3,0,24,0

Brijeshpandyaa,12,151,62

XanderS41966289,0,5,0

wh_kosasih,3,54,22

ArcanjoNestor,5,127,0

_nitesh_singh,3,73,6

mgreenNine,9,50,11

baily_connor,1,20,0

imdadf27,0,8,0

Timur94080363,0,12,0

AprilJa07465122,0,100,1

Shubham47531806,7,288,238

ashcarp0302,4,114,0

anshfrdy,13,496,202

twist2099,2,38,24

ParmesanY,2,56,3

viren_warring,1,83,0

Adilet38898634,0,31,0

bakura_yamimode,23,708,3805

kikibond,247,361,1134

aib_tf,0,9,0

DinkoHafizovic,1,19,0

anthosamnas,16,271,284

Mario78850304,0,9,0

nanivarun,24,8,11

Pg57T,0,11,1

maxfpc2,3,61,1

ReynaldoSambri6,44,1246,23

jared_schottin,1,10,1

kieranjferg1967,5,67,4

LxOEgfiayagDUF6,0,11,0

PrestigeElectr3,0,5,0

SudipGhorai1,35,821,23

LarreaGil,0,7,0

rickvela10,15,75,10

JAYANTINGALE6,0,51,0

shivamparashar4,2,51,5

suhappyguy,0,16,0

bryanburtonbar1,1,33,0

SchuBock,0,6,2

JabSiwela,0,171,0

Hayden59277894,0,11,0

Vaishna01690907,0,27,0

Fernand62941410,0,36,0

Ahsuil,405,2020,1392

Nikki24995047,0,74,0

Brandyl33789137,0,19,14

elihampton_,47,172,236

wQfjhihsKuaFImx,1,31,0

WBalanche,0,6,0

DiscoDu06012850,1,115,0

Yephery,66,152,185

LucianoCant2,0,52,0

shay_sher,16,156,35

ASKornosor,137,1901,58

moduke888,10,106,20

PoinclouxY,0,32,0

rbot48,0,55,0

KShab0,2,65,0

4455Arun,3,73,87

Alondra52995979,0,14,0

musadiq_y,0,66,0

rodrigoguerrer0,202,461,2720

nicodbsn,104,175,3601

SumanBi19479374,2,124,32

Whitney77647068,3,45,0

Max54795994,2,67,0

freshdewsfarms,18,171,39

Pedraoh_png,0,236,1

fernand49289714,0,19,0

delyarbashori,22,343,28

CarlosM30328975,0,41,0

shimamajid2,0,10,0

angel04729710,0,3,0

Cr1spyB,2,10,1

Sexychopsticks,109,205,7

RonDonnie1,0,5,0

_nlcn,62,142,284

ljhkorea,0,10,0

RishiAamir,15,85,20

benzochurro,1,49,4

rockdrigocr,51,258,1208

Gerardo77042279,0,108,0

cesarcastanedo1,2,14,0

FaliaJay,1,92,0

carlos34811712,6,104,0

theo23490,1,17,1

joseph03128352,1,9,1

Ludmila87545491,0,62,0

ErImmature,1,167,0

BrakenridgePaul,1,117,2

Vittalr17964845,1,333,84

vidushiiluthra,25,54,26

Graham72985761,0,33,0

ela_zx,50,396,61

DaleKlaver,0,53,0

MidasInhell,1,19,1

OmkarRa56691982,1,100,0

mariogv201,58,478,9

VolpiFred,144,249,147

gizliolmakiste1,5,176,0

Retebitall,25,145,62

shahediin,0,35,2

i_adityaprakash,2,60,0

jwfabian3,7,46,1

NikhilA46631337,2,86,0

HyFlipped,1,51,1

blertablertad,0,15,0

Segun_Davide,112,324,449

Garris_Roullet,0,93,0

bhupesh_satija,4,82,24

DmytroKhyzhniak,0,4,0

BrodyChitwood,0,17,0

ANANTHR69023033,0,47,0

Pedrich4,2,26,1

MRajaSon,0,90,0

ayodeleplus,5,58,24

frang0frit0,0,45,1

AhmedShahazeem,0,17,0

posholnahui5,0,42,0

MoncefOujeghbi,2,90,3

NickZequeira,6,47,4

LeivaLito,128,814,1137

Darek89506867,0,33,0

kiranvidhate13,0,11,0

Asquare23,481,407,24636

sangrui,7,212,20

chamath5597,9,143,94

RahmanGowher,8,108,2

BenChap41203606,0,3,15

lgrzr,16,165,26

galaxy26150390,3,107,0

DPS_LunarSpark,0,11,2

HistorySummers,1,44,0

LopezBrahian,9,64,38

DjSpydaa,1606,1686,3567

ExecutiveRascal,1,16,0

Sekai0x,1,44,0

mbrillant974,0,51,0

gab28113635,0,198,0

Mohaly53963062,0,17,3

Traco29205057,3,125,0

AndersonBrunoFS,65,1314,69

SatishChellu4,1,81,0

mdrhsumon,36,674,62

arizbethfranci1,5,68,4

EpanovSD,0,8,0

dnxdanikka,7,76,15

Jacob22504193,0,46,0

IB04245786,0,3,0

LoftsgardNaomi,0,27,0

IYYCzqR874v7lAj,0,89,0

SridharCP1,9,23,0

kyleahrens9,6,52,3

Karthi_1502,4,245,1

AyushAg95167194,0,60,0

oman_rubiano,0,37,4

Vizia219,10,49,32

shivam_970,2,50,9

857Dylan,2,53,0

hpsetti,18,281,15

wildcatzone,191,339,530

JAM__NOW,593,290,1572

sagarotia,102,598,448

_tony_huang,8,116,17

ArpitAg68127570,3,109,0

Jymaeljaystone1,0,106,1

OmarRainford,0,16,1

bthntrgy29,1,62,6

8TXdgZXTMRASK2C,0,6,1

TheCubes9,12,366,74

ChoseaCz,2,96,0

RajeshTanwani4,10,88,134

zaccastillo4,0,7,5

sok100mailru1,1,11,0

viniciusemoraes,67,158,1848

Rayna34005760,2,31,42

RickyVa41795003,2,15,0

GarrettReaugh,1,4,0

CharlotteGrudz1,0,80,0

D3Montiel,1,7,1

Brijesh63085033,0,59,4

PetranAdrian1,3,61,0

kamalteja4095,5,85,16

FtouhMahjoub,0,146,0

JaeSungPark17,2,20,0

mbf10627242,0,58,0

AlfonsoMariaDe1,14,216,5

AbhiPat96326992,1,48,0

charles70079158,2,33,0

Promo95614133,10,196,100

Harde77998694,3,49,1

FunnyBros12,11,282,193

tnbchill,14,133,26

HaswinBaskaran,11,53,2

cx0smo,0,100,1

akshay_malviya,12,173,2

Georges12323609,2,122,0

Mohit73731316,2,92,0

Pam_SandovalJ,220,390,9418

SakyoudAnas,2,59,0

OfPaying,0,20,1

MadelineMorella,815,469,5957

AAlhelal16,1,29,0

BukrePakyldz,6,165,1

Waadazab1,1,144,0

ElshireMitchel,0,5,1

f1gment,50,115,160

AhmedNa43034757,3,96,4

Methylxanthine,0,6,10

Clayton_Rogue,738,144,716

BrandonTHines,11,57,8

chef_mikko,84,351,1172

SpaceJoe3,0,8,0

bbbb09215758,0,166,0

LaetitiaTurcq,15,140,0

AjayPal87471873,4,19,0

dainikpatel0,25,153,5

angellaj11,3,22,0

dineshmspd,63,489,22

terryg29857002,1,32,0

mosley_collin,3,48,0

neal_mcauley,3,49,0

______RX5,0,99,0

Soju22438540,1,132,0

axvan_armeniatv,121,311,445

dtium,4,253,0

GelineauTaylor,0,6,1

RChooni,1,94,0

Abdulla49179097,0,55,0

Karina63176971,0,21,3

PratulShanKhdh2,0,22,0

VerduenntesZeug,13,138,46

stefanoheringer,16,355,43

JuliaBr14725978,0,117,2

NovemdecillionR,3,41,1

ismael_ishmael,1,9,0

MasindeGraham,11,247,0

Realvegasinfo,1,39,619

VGargeshwari,1,174,22

NoahNor54136158,3,43,0

chairulemry,853,1483,592

DBunceanu,3,145,0

Charsy18,1,33,5

tonymarceau2,2,104,110

InvolvedInIt,13,355,376

xenosonic,10,43,51

meninaven1,1,92,8

HuzefaAzad1,1,55,0

HerbertHartzel1,4,107,0

TonyBitter2,2,72,0

thehogslammer,22,126,18

jackwan69547268,1,18,0

MerlynPangilin2,1,130,4

RaheemK41712993,0,23,0

Shivang44055591,1,31,0

Corexist,6,169,189

gudigavineeth6,0,6,0

MdSohag42479576,430,2559,278

AmandaKlug5,8,116,4

el_1io,124,658,73

Connor60421064,0,47,3

DeStinson,13,35,3

HassanN58058170,5,302,24

CarlosS47952914,1,28,0

winnetoe_,4,57,61

Clayton41900287,0,14,0

DrApril_DC,2,12,0

Michi8882,1,12,3

TaylorU06585387,1,66,0

pusuku,19,21,0

NickSG_x,3,92,0

ThulaniJemias,9,6,10

ARLedbetter,18,152,60

acenix6211,4,73,3

HadhamiAbd,0,106,2

Not_Rajendra,1,43,0

Jackson73453004,1,34,4

GamingAwe1,3,18,34

tsoleva,20,92,101

Fredyhandyman,18,128,47

lakito15,0,2,0

alden_robles,6,80,0

carlo_rinomato,1,66,2

Angel35489679,0,27,1

fs03151993,53,536,302

Yoshan89619081,0,4,0

Rami89Haddad,48,308,61

ContactLanka,2,93,0

jluis_ao,1222,1297,2048

laneyhenson3,2,102,0

ESHAAN28477352,0,142,0

elpradoni,260,494,7123

VijaySheth16,1,31,0

AQ77913614,0,70,0

huX1cOU9bzk9V3K,1,56,0

angelic47385370,0,284,0

mahamoaz19,66,606,726

mrmithleshkum12,1,124,4

JoeHappies,1,39,0

SuhasUdayakumar,5,16,5

ersin1508,1,61,0

Elena25399877,8,327,1

wendy_ae,43,520,41

YwhLabs,3,170,2

HarshitNamdeo9,4,81,6

ofek305,1,63,35

ayala_tinajero,55,167,1

cndieapples,25,294,124

CC82164188,2,22,0

VivanGlass,26,191,191

jesse31568889,1,65,0

KeGeex,4,34,18

ATS64162982,1,37,0

gochichi,7,35,9

Bill69497877,0,18,21

JamesBordeaux13,5,117,0

mmmmarigo,42,179,162

ChandanKunj,2,81,0

MikeBrooke19,4,57,0

Funkweston1,10,131,6

malea_tom,0,10,0

Hemantp45026016,1,66,0

AtchisonBernard,63,194,103

PKennethMathes1,2,104,0

MarcOlivierAll1,3,48,0

CThunder36,2,34,3

Frind59569385,0,42,1

Walla931,1,51,1

Akshay11495988,11,130,2

JooAzul4,4,39,0

Mac7472,0,8,0

Landan59020292,1,32,0

JohnCen00387207,0,21,0

salvat_marie,0,37,0

Siphama92830539,16,192,2

habtamuhailese5,2,109,0

coral_cys,1,96,6

OmariKinyua,132,647,300

semisemisep,2,35,100

gh2tomato,9,150,16

n2zav,11,72,549

hehuabin559,8,259,7

infamousaditya,38,328,94

CollinDougharty,0,16,2

BrandonCee,356,1077,19239

EdgarIntegrador,3,32,97

MahenniF,1,43,0

LucianoErry,2,49,1

Mia202018,2,97,0

shaykh_zubair,8,91,17

AyoubArbi8,1,22,0

Jordan78968846,2,31,0

AnastasiaClaus1,1,23,0

SteveWe76595590,0,12,0

AmbalySubir,4,129,0

AveHeather,1,13,0

AaronFr91418093,9,234,0

zturkalj,1,14,79

Kody_bonzo,293,291,2501

lois_margarita,7,96,406

AlhroobThabet,3,122,78

A_Puent,2,9,0

sunflowerjacks1,0,39,1

akash_kemi,2,23,0

haruncgrn2,1,17,40

Elton65431481,0,38,0

RAJEEV12905676,1,45,0

craigwwinter,45,131,23

Tribefan4192,58,231,1504

Toputofodasse,1,16,27

bryceizdabeast,7,291,0

kikibiciforwin,1,48,3

B_mentioned,7,188,1

chandler4prez,1134,692,23231

LauraBeresford1,280,432,393

Scrappy_Gamer,7,34,10

Wavyface1,7,257,0

dg2620,179,4734,335

Alex87080209,2,205,0

Danish12196,5,24,0

cubbieboy17,1,58,13

karthiksayz,98,237,265

CvnFvv,0,80,5

MissKiri,2,26,1

BenzaamaZ,13,99,37

ABUBAKARYAR1,1,66,0

VladButnariu,56,185,30

KokoDino19,0,13,1

LeylaLzz,4,48,0

Samson12314,3,26,4

om_ingole,10,68,6

Elizabe97490543,0,13,0

mamamilktruck,0,39,7

Colby73504536,0,30,0

dellapiazza009,123,1499,673

Alejand74577341,9,138,32

PaulGrewal14,2,34,0

Meinista,114,610,807

Ynos90d1XwnSMmj,0,18,0

SnoopyyPP,0,19,0

AurelienMascia,0,23,0

ProgramingAicha,31,428,25

Kaushal26058302,0,120,0

MaxThieng,0,17,1

RibbeBernardo,8,18,1

MShitalaprasad,7,30,64

PSzRichard,7,210,7

adonay_flavio,2,27,3

0wiSWlpJ06dPbIb,0,88,0

zeeshanzeus,18,34,12

arigamer80,2,69,16

AyushPa04322363,1,38,0

calledIt6,0,32,2

Salnel005,13,171,86

anthony05agc,28,74,71

Matthew44912694,0,74,1

shammasulzaman,23,520,0

TheSmokingGun5,2,34,1

MRPRESI29789131,0,78,0

mahalepravin58,0,49,0

YiitnderKara1,1,44,0

NIRANJANVAIDYA9,0,91,0

WCLAYTON77,7,183,28

kfred614,5,162,22

rahulsawant076,4,84,17

VViyaas,2,117,0

RajTheja1,1,73,1

TruckerBill6,3,71,0

Richard26386414,2,48,0

polarpigs,1,36,6

hazydance,10,4,20

emmafschlueter,0,10,0

GustHecke,7,126,123

ricardo82551627,6,131,0

FrancisKwekuEs2,16,303,2

Leo05631004,1,56,2

QinJiaqi,5,130,4

MehmetHasan93,1,17,0

DaouadiKhairi,349,4828,58

NewEra79138682,0,31,0

Filip60425363,1,10,1

AndrewHaugen8,1,14,0

BoobooRacing,18,351,32

DawitJoseph,1,16,0

Da8Menjivar,1,28,0

dizzlelad69,0,17,0

princesai2658,15,685,13

JooSant57363163,1,68,0

ros3dacier,0,75,0

desaikalpesh40,1,53,0

anthonyortale,213,392,8538

Erick31483462,0,85,0

IvanTsekov2,0,10,1

jovontewilson17,5,155,0

Mike_Branney,268,971,1155

neilbridgman,1087,992,1940

ManuelThediaman,56,1799,507

ArdianaVardhami,5,112,0

YRobbi3,1,35,1

EvanShorey,5,62,0

huzunagac7,4,46,0

ImenRose27,3,49,0

FinchSparrow1,0,69,0

Simphiw72218397,0,8,0

Mozibor09340500,0,1,1

terrina_a,0,5,0

AndreiPussa,0,3,50

Alex258600875,1,67,0

_joaosantin,32,82,12

eylulbuse1,2,33,0

drwwwg,20,234,201

EagleSmartMoney,11,43,5

collinrezuan,1,14,2

Michael56715470,1,12,1

muratdogan1205,3,50,4

DelfinaMolina20,1,20,10

scottra63663379,0,6,0

MANGESH23271367,0,55,0

_anirudh___,15,86,17

ShaneMu06092364,1,19,0

Samuelfarai,103,132,73

soniajasujamd,184,496,125

Mestkawyy,3,63,0

CirIiya,2,106,0

codycuellar,121,182,213

gabi49206967,2,38,0

PraveenKumbar15,8,65,0

Filtroil,112,125,136

chappie_henry,0,16,0

kalei_kat,0,16,0

daniiiyang,1,39,0

luluz60567598,1,43,0

NikunjG35871323,0,36,0

GetLowWitMe,2,113,8

Sara07247438,1,13,0

bismita_dr,5,42,0

KedzMerina,14,40,5

davidweng2000,1,54,1

Akanksh53857818,1,55,0

Famouus95,7,362,0

MasonArndt,28,95,1

binbin_1819,6,43,2

inthaice,0,21,0

Tm79619596,4,100,0

SPrince1999,88,2228,826

JonLaw77819523,0,15,0

AlexeiRozenberg,7,35,8

Brithne46424916,1,38,0

sujaygaikwad5,1,100,0

SarlangueTomas,681,216,962

Jodie41843114,0,42,0

adyar_rakshith,1,40,1

Chenmike9,2,78,52

acv1081,10,20,5

eum821,4,5,78

bOqiGgxsjF2xxKQ,0,23,0

FantasyleagueD,0,59,0

AStafrin,3,15,0

TeddyGra5am,2,132,0

tlelling,81,360,684

BurhanTaracar,6,31,9

DavidSm17715434,1,16,69

ImVenkateshKH,22,1062,2

Dmoney80340063,0,5,0

jackson_rona,15,563,0

Useless93151419,1,117,0

Lonesta49141722,1,103,0

ggg16gg,2,95,0

michaelshao19,0,22,0

jyothi_nagella,3,48,0

alx_vac,2,541,11

Rebekah78887453,1,118,2

olsona79,1,7,0

FrenaudJ,0,27,0

Neelsha52882569,5,168,0

Communism1337,1,16,12

Dilshaniii,2,80,8

gawande_rohini,0,100,0

DaniyalKhanDur1,0,15,0

DanccMan,0,26,0

SlayPhillip,0,8,0

numberoneHAMfan,48,79,900

ViolaineSoubri1,1,103,0

Catheri52971559,1,15,0

GratefulJo,3,84,22

osama94z,1,197,0

SajLibtard,0,89,3

YiyiYou1,0,15,0

Poornac64491130,1,111,0

Andruw60360720,3,63,6

Vladisl39599084,0,3,0

AngelRi74736478,0,48,0

TthTams00735090,0,8,0

HarshNanwani10,2,84,0

IzayahDavis2,0,84,5

KumarMalasi,0,32,1

Manjunath1935,1,162,1

AmitSon99088335,1,5,3

bbkambar,6,149,0

DhanoaGurmilap,0,12,1

brady_mat_75,336,423,698

Via09141,0,59,0

kc49236024,0,400,0

ConnorGarrettB1,4,107,70

AmolK30,9,117,26

Paul06437530,1,26,0

OxfordDestiny,1,17,2

adkcurtis,1205,1005,2636

DDeepu46,26,170,2

BeeboutCarolyn,0,3,7

KingKun27272522,0,8,0

jasonj_03,6,62,0

panduranganath,121,1199,637

OdenMorningstar,11,122,424

aliosma03982377,13,100,1

SomnuzZ,4,181,40

Andyboiee,113,665,134

Eduardo73304471,5,321,4

Zoe30784445,2,136,18

Tremblaymanon6,0,6,0

abhinavtiwary04,0,6,0

13Mantorr,4,250,0

kaka1634,0,64,2

andrew91216103,17,318,54

BerkH87,3,102,0

CAMotoDirect,0,70,10

ManishS94072339,0,21,0

Michael99214974,3,26,0

SantaengSantosh,7,77,6

tangsmm,0,51,0

Einsteiger1,0,39,2

Overhau14027594,2,113,0

Connor15380196,2,134,15

theVisforvibe,0,59,2

xC1MDC0PimEVCqy,0,38,0

prash031293,3,59,0

saiadit96413370,0,6,8

CarryPo52961904,0,8,0

Mark55930886,0,19,0

RowanTandrea,0,45,0

Mhart42817550,0,43,0

Arthur43888218,0,37,0

AnnaWarehamm,0,35,5

speyeralsound,24,199,53

Sifeddine14B,0,18,0

dhakalbibek977,0,9,0

Ikhile19,24,140,158

Indeleble13,8,49,50

zhao38991703,4,158,1

AnkitKo23482660,1,72,0

0xwee00z,53,198,1

maestroins,17,20,17

HugoMartim,112,69,9270

fredyrazo11,371,1640,8488

PALAMPOUGIOUKI1,1,16,0

uhRAYuhLIGHT,6,230,0

VinodKu59868472,3,89,16

Dederdiner,10,74,25

UmmiUma29859163,7,231,19

wfPZdS1Ep2TqVmD,8,72,0

Maria15603028,1,6,0

SumitPa10850904,1,58,0

KC24242968,4,55,7

ArifulArnob,25,215,87

RayChang4444,6,184,0

TChwedorczuk,1,9,0

SalSilv75108495,4,174,0

BrayekWissam,0,69,1

Dragos01559982,1,12,0

Emmx2039,0,707,3405

Localgay14,0,43,0

MedanRosa,2,44,13

JohnBus62152605,2,11,13

thomi0177,13,64,451

achow1414,1750,508,18961

Ahmedsaaddin,21,89,13

ikaros2021,3,11,29

SudhirMori1,0,115,0

grabstox,562,99,1262

ArinaLen,2,26,14

clauskortermann,3,56,64

Makin29792338,0,36,0

Jooch17,4,200,6

TommyGruppi,2,16,0

360MediaDirect,5,111,33

KAhlavat,11,602,35

iGui469,4,36,10

TouvinR,0,8,0

Noobsta55643337,0,34,0

King87604710,0,148,4

cole14571572,1,43,0

SinanKu43759445,0,88,0

Guido29307242,5,72,12

Agera406,8,119,227

familo8,1,37,0

hakanblinders,0,28,0

YosephHabte1,7,80,26

Mariam38703654,1,106,0

Alex64987502,0,18,0

AgencyKinetik,3,17,0

emily0128,0,166,9

rrayan_10,30,217,447

Catalinca3,3,39,0

Kevinga18215985,5,70,15

gunfreak345,2,41,11

jentadbeauty,4,44,0

hasanen_sh,5,97,2

JawinderSamra,3,28,27

ElimarG82640291,2,63,0

AjayCha84815071,2,26,1

Paul12329488,0,30,0

ermanbayirr,3,53,0

NoBSPlease2,1,30,2

derellgeide,2,42,66

Justinpandanni1,4,88,0

bGgqeH6S2iA8Req,1,40,1

akshaygowda1998,1,32,0

ImazBhat1,1,31,0

SalianVaibhav,0,17,0

Aditya66503427,2,16,0

GabeMil94417056,3,23,0

DivamSood,2,54,4

shv1211,0,47,0

Ebuzer_07,14,70,488

Patrici21585375,3,40,0

JohnnyM37775541,0,23,0

filmmakerpr,406,1885,25497

JayMend72210061,1,13,0

C48778576,0,72,0

Aakash41124785,0,101,0

AkashPu37945266,0,30,0

fk6nlRVaUCgjFHA,2,30,0

TheSchlags,79,397,372

usafc17,1,64,4

Jeff66444454,2,128,0

Vinodh61235421,0,2,0

Diamondbacked8,1,20,4

AnoopP44476218,1,18,0

carmenmguadalu1,0,29,0

burt_maclinfbi,4,45,5

squadishard,0,7,0

AAsumogi,11,67,68

scottkahler1618,63,851,17

DelveyJosephine,0,35,3

NZI880WHq0sKGaF,1,46,2

KevinGr11878165,0,4,0

NmetiBalzs1,0,48,0

KingJr61076135,13,170,1

oiraMBO,31,281,223

Irshamohd2,0,13,0

PankajK96703196,0,40,0

BrijpalSinghCh7,2,30,0

razefsha,1,51,0

LukePol79895350,0,41,1

Dominman1,0,11,1

StrombeckDrew,0,27,0

benardLouis73,32,513,21

marksburguer,56,323,54

FreedomNetTech,109,207,6692

viraj_mp,3,171,0

natashasiler23,17,128,19

SURYAKA28308885,1,191,0

LausonSteve,0,13,2

VenkatprabuM,0,14,0

mumu04374580,2,42,0

xenocide420,25,62,461

garrad20,0,66,6

Luvlace_87,3,60,81

SerxhioGugo,3,115,3

seegree25506981,3,45,0

bubbyyby,7,57,10

d_peck5,0,9,0

_vesuvius1994_,0,136,0

Austin92371202,0,12,2

jorgematas13,0,27,1

wJack63273286,0,26,2

ZzkcLEranaK,182,844,17853

Bailey57656925,1,40,1

Michael47462275,2,34,11

hello_tenny,4,30,0

Zachary65617725,2,6,0

FourHealing,0,7,1

Bharath23283882,0,116,0

MohammadMagd1,6,50,0

jason96669,2,15,5

AbzaletdinovD,2,6,9

Atlassmusic0803,9,161,60

MaybeSatan2,0,8,0

KaramzadehThea,3,49,0

BiswAka,2,100,1

AbidurAlvi,1,47,0

ROHITKU07855459,0,25,0

MrsWhitneyCP,11,101,1240

GOTGOODNEWS,71,1627,83

Kimberl90709707,235,260,44

TaterSalad37,11,40,160

Ami27069545,1,51,0

HemmRenee,0,71,1

ShubhamJain_07,10,182,2

JPnogueira92,4,19,4

benjamin_cocco,5,55,0

XxXspeedracer,2,20,0

ndfmustafa,4,46,28

_itis_rahul,0,6,5

OkinawaVintage,36,203,252

sugarhottie6,4,14,31

MarcusSanta2,0,12,0

Shekhar44874765,1,37,1

LauraGo28450409,0,30,0

brucery29217561,3,19,37

Wielosmak1,2,34,0

XabisoMcitwa,1,34,0

Bunnypraneeth12,2,83,6

James46446396,0,2,0

CHRISTINADABISS,2,75,0

jeevan_2000,1,47,0

merlin_jr,9,479,453

maxalex__,0,99,0

songjmjm,1,107,0

Craig33252300,101,140,232

kingf243,11,94,28

kdhayanand,62,293,20

uvaraj053,4,277,2

KalambeMukul,11,49,2

glonk_,4,86,3

iqrar431,33,265,70

RoryCummins2,1,4,0

